Station,T1 (K),T2 (K),R1,R2,R3,Iterations
399,521.6025875129083,521.3757226570627,43.14104248062954,95.45637630928542,102072.70295948249,2.0
398,520.1238220129732,519.8979792025336,42.810509937217034,95.91097402259057,102394.95952622894,2.0
397,518.6575542394572,518.4327280221096,42.44459965420177,96.27799437517676,102623.7045893251,2.0
396,517.2100911228829,516.9862715087072,42.111542482932016,96.72024339781692,102933.3670048142,2.0
395,515.7675186453479,515.5447053510379,41.76196066973934,97.1194152395386,103196.32674283249,2.0
394,514.3500107031865,514.128189180424,41.42582511118532,97.54772840934713,103491.69678333469,2.0
393,512.9384169382059,512.7175860423224,41.09269320090466,97.98054519586813,103791.10412854965,2.0
392,511.5292710973772,511.30943211749917,40.75308493482052,98.39547747962493,104070.46214986706,2.0
391,510.1451784211238,509.92631654701063,40.43655563574314,98.86463855278741,104408.59881057839,2.0
390,508.75993423059214,508.54205323123153,40.092838862531764,99.26276996208674,104670.20388901427,2.0
389,507.3938597285207,507.1769488042451,39.790757121189806,99.76575030689757,105043.13699433858,2.0
388,506.055959733386,505.8400015625294,39.446926253262426,100.15510762840914,105298.28834733693,2.0
387,504.7124285744001,504.4974299459338,39.14809906778789,100.66428510504723,105677.36921422505,2.0
386,503.3452345419391,503.13121537908086,38.82183219511826,101.09968916333592,105974.77289055177,2.0
385,502.0275132206715,501.8144405851577,38.517487795955546,101.59002180526063,106334.0979333492,2.0
384,500.71884917981174,500.50671921996184,38.20818004310461,102.06431672939915,106676.23581316211,2.0
383,499.4266572484685,499.21546065198083,37.89780892536402,102.53390156086743,107013.97494261891,2.0
382,498.14305425893696,497.9327873755781,37.605768387673066,103.05342794154,107403.38372697226,2.0
381,496.86195712465934,496.6526207429037,37.28909194625599,103.50198043621731,107717.68683786396,2.0
380,495.5696398903776,495.3612448395383,37.01153783422384,104.06472798560704,108147.99061847504,2.0
379,494.31991502070304,494.1124326052378,36.694131813813115,104.50595662632539,108455.65071222692,2.0
378,493.0621240174709,492.8555626610109,36.41826036449733,105.0725127712671,108890.94081819648,2.0
377,491.82749187135653,491.6218369766648,36.11862529909729,105.5643656305483,109250.09922976277,2.0
376,490.60894437771265,490.40418642784107,35.834952966525805,106.1044365106102,109659.65894691464,2.0
375,489.3580279051997,489.15419343320036,35.553354787218,106.65357883120448,110073.07246039312,2.0
374,488.1568261855288,487.9538805789503,35.26175612020347,107.16771275234736,110454.97358679575,2.0
373,486.95002086775895,486.7479706570227,34.997695100282684,107.76998110013864,110925.4656791198,2.0
372,485.76409166211397,485.5629235645205,34.69787072934323,108.2563504700515,111277.75839906218,2.0
371,484.5575362285539,484.35726805042634,34.44110526886333,108.88672971373173,111773.95563590678,2.0
370,483.3891260148618,483.18973136037755,34.153609330648166,109.41239237720093,112165.86980142824,2.0
369,482.21375872454075,482.01524508616984,33.89051216819152,110.02258772041506,112642.02651979943,2.0
368,481.03520406685703,480.8375761659357,33.62134233103218,110.61311109447406,113096.00520775777,2.0
367,479.88982915967165,479.6930640251225,33.34882098546045,111.19129115466302,113540.03438494694,2.0
366,478.74315003694005,478.5472508323988,33.09753880323639,111.84477755261317,114059.16236205377,2.0
365,477.5827586386803,477.3877380842358,32.815757045046226,112.39444203353406,114469.03858012258,2.0
364,476.4527889367365,476.2586258886623,32.572928760027644,113.08328949945405,115022.98086624869,2.0
363,475.3147390298667,475.1214418851566,32.30008924826575,113.6659792061894,115466.22357358888,2.0
362,474.19979714653323,474.0073502174732,32.051587900322005,114.33950060591147,116003.13735572918,2.0
361,473.09639187534793,472.9047883445192,31.79685921255479,114.99064596829807,116517.17586635366,2.0
360,471.970615247461,471.7798745269116,31.538107610201973,115.63262490763425,117017.28939758406,2.0
359,470.8849894121613,470.6950824053784,31.301514178581733,116.35809924397135,117605.51692314724,2.0
358,469.7646402622781,469.57559607939845,31.032250933321148,116.96419962170637,118066.72874559849,2.0
357,468.68560681532006,468.4973952461299,30.801751211744353,117.72341643412308,118686.35217441528,2.0
356,467.59422769088303,467.40686043443986,30.545283761313065,118.38353992793903,119202.6139933294,2.0
355,466.5236218528021,466.33708459591503,30.306228325782612,119.11727246504056,119794.09537460183,2.0
354,465.43804505806503,465.2523515692399,30.068197406398234,119.86023167540559,120390.95641342273,2.0
353,464.3864206625675,464.20154615803193,29.817644613430836,120.5534615094216,120940.79529591922,2.0
352,463.3049766138142,463.1209465800648,29.595382787417023,121.37360850681493,121611.93926143617,2.0
351,462.2595139078432,462.07630184252065,29.338278598638293,122.04663545978983,122138.88201393734,2.0
350,461.19899835100955,461.01661806525567,29.116284951300027,122.88072067983636,122823.04761061913,2.0
349,460.1609536991211,459.97938924903787,28.8776762287755,123.64391134410322,123437.60475347258,2.0
348,459.11117922544963,458.93044184255865,28.643546809428308,124.4359138725725,124077.37444748112,2.0
347,458.053818606582,457.87391628538984,28.423411884147836,125.29769984985172,124783.62276141031,2.0
346,457.0367752205091,456.85767753188674,28.17697916848818,126.04199289684402,125376.76897935933,2.0
345,455.9965147793995,455.8182421779091,27.964245198146134,126.95413529787824,126131.52731384459,2.0
344,454.9607189733713,454.78326978798424,27.72665676662369,127.7548584279894,126774.18878820988,2.0
343,453.95358082176904,453.7769336873277,27.505829752544972,128.64271486343077,127505.55312136753,2.0
342,452.9226395421704,452.74681556388816,27.286493001825455,129.54742073123614,128247.96988167262,2.0
341,451.89418968835923,451.71918871792184,27.05327088153209,130.3927896314458,128929.93581816246,2.0
340,450.8982052062609,450.7240025799434,26.846356916427805,131.37651591439163,129751.46113567254,2.0
339,449.8805917969132,449.7072069842222,26.610721887848072,132.22516350287614,130434.16632008698,2.0
338,448.86789584061535,448.6953265800373,26.401039681260443,133.21963890399715,131259.3140921943,2.0
337,447.8539980340679,447.68224714964094,26.183581702554587,134.18235970094528,132050.6984441077,2.0
336,446.8706731525507,446.69971726654063,25.960457524136842,135.12385865431244,132823.74018004644,2.0
335,445.8673985496691,445.69725580788463,25.759080441854866,136.19650344698618,133720.2683516233,2.0
334,444.86668147357574,444.697351584914,25.5263603514326,137.10805179776003,134456.73436442783,2.0
333,443.86476361084254,443.696249269271,25.32517479111444,138.2112004568362,135378.57472838706,2.0
332,442.8652882208053,442.69758921299984,25.110462090584345,139.24832217948065,136233.6569749794,2.0
331,441.89269564109475,441.7257912973212,24.89539632926236,140.29578193488246,137100.8035868717,2.0
330,440.89708516191047,440.73099637056424,24.69828817865265,141.46442450470505,138080.12151184242,2.0
329,439.91050426487976,439.7452252619016,24.46993983359828,142.46070031328904,138890.19228084988,2.0
328,438.92037787011185,438.7559132704842,24.274601568243202,143.67581218359086,139910.5054592263,2.0
327,437.9269573597501,437.7633117233436,24.063392274688905,144.80746727246188,140846.3135712664,2.0
326,436.94648593944163,436.78365005925485,23.854370983370853,145.96991330593661,141811.62115360316,2.0
325,435.95612918523483,435.79411310971096,23.660499513150544,147.24659368953255,142883.464478901,2.0
324,434.97409412016583,434.81289257315603,23.437745058008247,148.3535173635578,143789.28033034343,2.0
323,434.0140499153548,433.853645749698,23.244580591833575,149.68235239540243,144911.21954840494,2.0
322,433.0136168956777,432.8540463174518,23.038582022707992,150.93299873132878,145947.55895560668,2.0
321,432.0306943036353,431.87194404645754,22.833450675399398,152.21713510469087,147016.43181121908,2.0
320,431.0443951988514,430.8864698383474,22.64321621586107,153.62609391100048,148202.2050197181,2.0
319,430.07166143347683,429.91455108298743,22.42392634735021,154.85060881906207,149209.47234136806,2.0
318,429.0868587905412,428.93057539789487,22.234771251292347,156.3204918647535,150447.96176157828,2.0
317,428.1107311878386,427.9552690206999,22.03187895276908,157.71064748847357,151608.0455876377,2.0
316,427.13052266425245,426.9758868961548,21.828532522687322,159.12518159692013,152787.65157596776,2.0
315,426.13773038274934,425.98393358516626,21.64085637134011,160.6861529593407,154102.15718301435,2.0
314,425.15512573013,425.0021608256238,21.42620743965192,162.06452820475928,155240.08457363062,2.0
313,424.1777686975089,424.0256326760567,21.237351720278465,163.6792244354836,156601.9762640826,2.0
312,423.19624684453345,423.04494505059535,21.03903944863745,165.24560955150525,157913.25890264218,2.0
311,422.21302271271804,422.062558289212,20.83568705398033,166.80404957672815,159213.0776778465,2.0
310,421.2194901023515,421.06987372770055,20.649244978859027,168.53811227587124,160674.77982713887,2.0
309,420.23976804158656,420.09098930666147,20.439583737519953,170.10638741793568,161977.3530445554,2.0
308,419.255814144613,419.10787831796705,20.249063854659838,171.88156077213512,163472.31269560737,2.0
307,418.2660965866164,418.11901045355694,20.055225496779727,173.6625480836524,164967.60314866866,2.0
306,417.2836668029144,417.1374255525498,19.849961380752546,175.38015612625728,166400.1639527537,2.0
305,416.2949581509618,416.1495689101871,19.663618163750748,177.31574976386176,168034.11638397316,2.0
304,415.3018408671734,415.1573092743361,19.458889232708714,179.11902315941083,169537.49203586587,2.0
303,414.3180711880607,414.1743904198692,19.264787317814864,181.0727825784475,171180.94874293948,2.0
302,413.3203916293692,413.1775757655211,19.074982464231812,183.11433172451768,172899.91603335828,2.0
301,412.33652945271115,412.19456772282916,18.86608833718829,185.01239047358217,174481.80963451945,2.0
300,411.3378893876194,411.19679655028807,18.678851741941216,187.18965716864858,176319.19130699433,2.0
299,410.35291635115226,410.2126817043631,18.478104649629387,189.27433728730006,178067.43456945522,2.0
298,409.3538457408365,409.2144835428023,18.27889356799242,191.4356168851021,179879.79259417366,2.0
297,408.35692146587525,408.2184312788895,18.090564552730022,193.77458716659876,181854.40152558917,2.0
296,407.37025755417505,407.23263161354606,17.879476111813684,195.9178514553231,183642.5035296602,2.0
295,406.3782125435086,406.24145705068685,17.688155568209428,198.36013344951562,185704.4281342228,2.0
294,405.38228921563444,405.24640923939074,17.490726476450817,200.7940183306471,187752.0032911586,2.0
293,404.39239339795904,404.2573848137279,17.284154473854382,203.19045741369908,189760.42218717898,2.0
292,403.40718617826053,403.27304590189294,17.09223655021819,205.84592186137593,192006.0836391274,2.0
291,402.42043131350715,402.28716217109366,16.884138725578495,208.37165565034863,194124.4670925857,2.0
290,401.4343564861096,401.30195898594064,16.683672515367554,211.08479906039602,196411.63996041633,2.0
289,400.453225223505,400.32169596815635,16.487632470915294,213.94113585040853,198826.92962721444,2.0
288,399.47739682995126,399.3467320816762,16.271625756060185,216.61521465926248,201067.89572100577,2.0
287,398.50151832053626,398.3717189520947,16.07430255935584,219.65643148467979,203643.19312505404,2.0
286,397.5408099790505,397.4118628171957,15.866872008609475,222.64824444284082,206169.788686434,2.0
285,396.5812678773851,396.45317261238995,15.654703361880987,225.68028347512688,208727.2515191348,2.0
284,395.6358133838553,395.50855732745987,15.452686478428642,228.98310785259991,211531.8627232943,2.0
283,394.70415049212727,394.5777212553247,15.233518069094814,232.13479278300366,214193.50177356176,2.0
282,393.78644101133165,393.6608255264358,15.022733897577032,235.55823043808647,217102.61052080596,2.0
281,392.8924188107565,392.7675947031255,14.817015964127714,239.19660564728818,220208.87552161328,2.0
280,392.02576764778695,391.90170883278216,14.935991306756435,248.3673384163544,228402.95644719596,2.0
279,391.36508495761814,391.24160222540297,15.185032481912186,259.2321248543336,238196.54267848528,2.0
278,391.01200638158053,390.8888176581727,15.322257260156197,266.9669429097658,245194.81795426056,2.0
277,390.94782115876865,390.82466123477985,15.360546868111163,271.6199525809043,249448.2169617439,2.0
276,391.1772430267951,391.0538419292182,15.306191164195836,273.19281688816267,250965.09944421076,2.0
275,391.49495429904766,391.3712382794599,15.229548730155733,273.03845413196456,250923.51194723535,2.0
274,391.98212236927316,391.85793285428167,15.15168036449818,272.42053585986713,250508.96238734826,2.0
273,392.5033337173277,392.37864198059344,15.076778817970535,271.4561072515249,249785.55882963503,2.0
272,393.0829816402195,392.95773554795556,15.000979225053149,270.1137967015225,248731.28621184954,2.0
271,393.7330162725025,393.6071527035458,14.926511611397983,268.4256005375659,247378.30634300408,2.0
270,394.4466577725129,394.3201202891245,14.85093676790992,266.3716122870181,245704.97963486818,2.0
269,395.2219291654886,395.09466361713027,14.775210969955342,263.97272560426717,243728.63704045097,2.0
268,396.06198908745154,395.93393863807535,14.699492255144914,261.2494178028328,241467.71946919948,2.0
267,396.9578239842182,396.82894067611056,14.620281641472626,258.15809488700313,238877.644031709,2.0
266,397.9194911738402,397.7897179637921,14.542648350517279,254.79836609183735,236051.91047806822,2.0
265,398.9345633546525,398.80385520377484,14.459533221828467,251.0767163714262,232898.50721649043,2.0
264,400.00685248034335,399.8751612365442,14.375910019227286,247.08742731776476,229504.1321727548,2.0
263,401.13234109058567,400.9996226699459,14.290520407247019,242.83693015736745,225871.8545305198,2.0
262,402.3125573251419,402.17876651808496,14.196174984113672,238.2321294233328,221913.57387495768,2.0
261,403.546622350378,403.4117153138395,14.102094149094098,233.43546066631842,217778.27125284463,2.0
260,404.8273710853371,404.6913108678578,14.003086514924544,228.39610962989508,213414.85868988925,2.0
259,406.15899515935257,406.02174126348365,13.895341704296143,223.0777954327974,208788.56712454176,2.0
258,407.5365762602027,407.3980931632065,13.781664655476204,217.54474532346555,203956.15105103556,2.0
257,408.96031716501886,408.82056947166257,13.72667363165423,212.82619313302106,199882.39077849043,2.0
256,410.3910405278749,410.2500275957419,13.762040640051046,209.49343368050233,197098.58835239182,2.0
255,411.7894781160292,411.6472331405851,13.798667054982962,206.3108125440069,194437.57710177955,2.0
254,413.1521509914036,413.0087099314706,13.832954637697181,203.22307376437846,191847.46087588754,2.0
253,414.482647931633,414.33804317286956,13.864976287772832,200.2255038078452,189325.44372734125,2.0
252,415.78069042141124,415.63495430459795,13.894837987056825,197.31457871216924,186868.87482264117,2.0
251,417.0472795225046,416.90044320779265,13.922645262912786,194.4866537063481,184475.23914824545,2.0
250,418.28212174149286,418.1342163843701,13.948514426039266,191.73857558243776,182142.14892182237,2.0
249,419.490121089453,419.34117321848464,13.97245451311936,189.0661568598244,179867.33564721196,2.0
248,420.66902424521794,420.51906217876376,13.994617567680427,186.46704998328647,177648.64275732965,2.0
247,421.8210852626842,421.6701350993609,14.015044102591755,183.93801391097193,175484.01879496608,2.0
246,422.9469344128164,422.7950214988636,14.033829593747457,181.47632723779952,173371.51108613462,2.0
245,424.0446627546971,423.8918139257008,14.051088080713,179.0799501967287,171309.25986494301,2.0
244,425.1191604174445,424.9653980234488,14.066813203793991,176.7454867813501,169295.4928128651,2.0
243,426.1704809176821,426.0158271052327,14.08107509776054,174.4707272773879,167328.51997863443,2.0
242,427.19695445782855,427.0414326809781,14.09399443602601,172.25392183891847,165406.72904828333,2.0
241,428.20157449650304,428.0452054446621,14.105574486187392,170.0924447562804,163528.58093737785,2.0
240,429.18232171273473,429.0251276948281,14.115929816468775,167.98480577788692,161692.60568018546,2.0
239,430.14380661592213,429.9858058071746,14.12504487213088,165.9282592393866,159897.39859269842,2.0
238,431.0828360867728,430.92404930597337,14.133018902121156,163.9217210729305,158141.616688435,2.0
237,432.0038484072882,431.84429252490656,14.139845263382936,161.96267108797352,156423.97532785241,2.0
236,432.904534574751,432.7442283510186,14.145643146700461,160.04999596596235,154743.24508370206,2.0
235,433.7861046101916,433.62506565450985,14.15041157786204,158.18196221902753,153098.24880639868,2.0
234,434.6485825161883,434.4868283202809,14.154214926553642,156.35713298757574,151487.85887454383,2.0
233,435.4949395825045,435.3324850061746,14.157054393038086,154.57358922307526,149910.99461719225,2.0
232,436.3232338258045,436.1600953044823,14.159007272806294,152.8303894130682,148366.61989544786,2.0
231,437.1338839584403,436.9700774852132,14.160111774356407,151.12620404779432,146853.7408320143,2.0
230,437.92925289680784,437.7647923791321,14.160375694775583,149.459413250701,145371.40367826595,2.0
229,438.71038009553916,438.54527849241185,14.159819907865717,147.82869762245943,143918.6928092041,2.0
228,439.47552836243807,439.3098000359312,14.158492616286917,146.23327305462888,142494.72883741307,2.0
227,440.22360485403505,440.0572650260434,14.156505357358943,144.672273953532,141098.66683793784,2.0
226,440.9584756972674,440.7915362581594,14.153788380405063,143.14402732226387,139729.6946764584,2.0
225,441.6801882751283,441.5126610231948,14.150379694800948,141.64756893060377,138387.03143386112,2.0
224,442.38215585489394,442.21405809125264,14.146666262997398,140.1830703505898,137069.92592078063,2.0
223,443.08453202036617,442.9158640029439,14.141612709313101,138.74630994142493,135777.65527616258,2.0
222,443.7668402010699,443.5976194040177,14.13634038163683,137.3398275212344,134509.52364438027,2.0
221,444.435436267092,444.265674750632,14.130513509579147,135.9617480369104,133264.86092574822,2.0
220,445.09474366391265,444.92444975355625,14.134359640895553,134.70857109547896,132139.1453032138,2.0
219,445.7385806973396,445.567767741017,14.150254041967475,133.60544499154173,131156.4358866892,2.0
218,446.364173002026,446.1928564932299,14.195780885198712,132.82033961547663,130481.71385062458,2.0
217,446.9721047676075,446.80029941029466,14.230912637267263,131.99178651111484,129760.4498956375,2.0
216,447.55965468719364,447.38737746755976,14.260176616562443,131.1563594966794,129028.17133477722,2.0
215,448.1307555481681,447.95802019009943,14.287701705880115,130.34810261617972,128319.02934760053,2.0
214,448.6846142918342,448.5114351333065,14.319090467007054,129.61647845158046,127681.72934987278,2.0
213,449.22433801516047,449.0507267584551,14.353550240687639,128.9545069261101,127110.0448311758,2.0
212,449.74639857342737,449.57236975629615,14.375787664698343,128.22656569391472,126469.8510071903,2.0
211,450.2545293295763,450.08009447377987,14.396505781410601,127.52137701746878,125849.18153812834,2.0
210,450.7509073020341,450.5760761134593,14.417524194834149,126.85388914288258,125263.19034163746,2.0
209,451.2328344737905,451.0576188433285,14.448986532062131,126.31188937243553,124798.31139384246,2.0
208,451.69984758812666,451.52425965609825,14.464985482996788,125.67492175948584,124236.78086581301,2.0
207,452.1578247082013,451.98187189919395,14.479609245460237,125.0568426868307,123691.94014489537,2.0
206,452.60451756706357,452.4282091232156,14.493300647525478,124.46107367593036,123166.90125369732,2.0
205,453.0375854943818,452.8609325643454,14.519900344510633,124.00381859828299,122776.44072523392,2.0
204,453.4595165079664,453.2825280606738,14.53032799916709,123.4446504574504,122282.97909209048,2.0
203,453.87341077775005,453.69609335969875,14.53948350811556,122.90175433407812,121803.95807264463,2.0
202,454.2782031928744,454.10056421577593,14.548313260236498,122.38172856549359,121345.80803452214,2.0
201,454.6738949372658,454.49594179079264,14.568537500648542,121.98251608396902,121005.73628439593,2.0
200,455.05924423307744,454.8809851981832,14.573870618662776,121.49065134531125,120571.89526012591,2.0
199,455.43480348734806,455.25624649598495,14.57814206990702,121.01333588856392,120150.69336490994,2.0
198,455.8050934938807,455.6262428029907,14.583821743117218,120.57004852420307,119762.14361927274,2.0
197,456.1662470471526,455.9871100147371,14.596808519669793,120.21057306663721,119455.2319528301,2.0
196,456.51949391117626,456.3400768243572,14.597570800922938,119.7779602445031,119074.21791231832,2.0
195,456.86483637771585,456.6851456011824,14.597349692603654,119.35804515742032,118704.38915765219,2.0
194,457.20384136125415,457.0238819878028,14.601099062125074,118.99039728728737,118385.35599363751,2.0
193,457.5358816102295,457.3556591875219,14.606402209287802,118.65779450660779,118099.96074565045,2.0
192,457.8629546067344,457.6824730397324,14.602929337113798,118.27762946725072,117766.27469272974,2.0
191,458.18205583423816,458.00132151624086,14.598605803660666,117.90888801370176,117442.59398089956,2.0
190,458.4963135577653,458.31533035322195,14.60111928793917,117.61300610536145,117190.5815616759,2.0
189,458.8065025835193,458.6252736448335,14.598487433036423,117.29894095404433,116919.67841333321,2.0
188,459.10570749881737,458.92424160127683,14.591290038467484,116.96660616899442,116628.84881605714,2.0
187,459.40081012347355,459.21911051124437,14.583201063819162,116.6441232956096,116347.06353581988,2.0
186,459.6933276523308,459.5113963568349,14.584762187120528,116.41464056595674,116157.50570999076,2.0
185,459.9794271683991,459.79726918365947,14.574699209752039,116.11600756083763,115897.91093864264,2.0
184,460.26163808096817,460.0792564771341,14.563799002928036,115.82608293298685,115646.2933265522,2.0
183,460.53910826307435,460.3565067952202,14.555834580600804,115.57416857550783,115431.81735516978,2.0
182,460.81051861876296,460.62770204521536,14.549158108680631,115.35027910816807,115244.37170636452,2.0
181,461.0790511973272,460.896021700479,14.535632958260896,115.09120195371587,115021.2366131596,2.0
180,461.34356953877267,461.1603302780514,14.521417446609846,114.8405810731722,114805.86195978157,2.0
179,461.6026616654789,461.41921692507395,14.513305970483145,114.65188244732454,114651.53787224473,2.0
178,461.8586665699222,461.675018670273,14.499006035692915,114.43399991859744,114467.5001377684,2.0
177,462.1096188521392,461.9257717471973,14.48233394077187,114.21219364434714,114278.74080235139,2.0
176,462.3580394180825,462.17399507343214,14.466987658072329,114.01336019475039,114112.51226157788,2.0
175,462.60404242080006,462.4198026645546,14.454181063782162,113.84996808830557,113981.33395684732,2.0
174,462.84477704648765,462.660345944261,14.435168864848368,113.65527843184482,113818.0284775345,2.0
173,463.08153517126004,462.896915823387,14.415522939715514,113.46808243141182,113661.5999175378,2.0
172,463.3175588417221,463.1327517678496,14.399907991491318,113.32453947540448,113548.71223413697,2.0
171,463.5479112056154,463.3629207677534,14.380214677767283,113.16674954002403,113420.72577424748,2.0
170,463.77482141692127,463.58965025604647,14.358325942753227,113.00524975751395,113288.48679795238,2.0
169,464.0016349249558,463.8162830466621,14.337179512857054,112.86103287254855,113173.48128788102,2.0
168,464.2234748728131,464.0379461289489,14.317697194071627,112.74330499610079,113084.32168636734,2.0
167,464.4417688103607,464.25606585763313,14.293624421720938,112.60650750408588,112975.50825839568,2.0
166,464.65820255797786,464.4723267941016,14.268971271286611,112.47629396351527,112872.99130817309,2.0
165,464.87326326507946,464.68721570643856,14.24693037143118,112.37722909222282,112801.49730355361,2.0
164,465.0835239785196,464.89730825966103,14.22162401670712,112.26960679260154,112720.73964873626,2.0
163,465.2917519829229,465.10536960616406,14.19489232905489,112.16316811705444,112640.85498362315,2.0
162,465.4972183261297,465.3106713974624,14.16866309788898,112.07108956392578,112574.98628775899,2.0
161,465.7008155626936,465.51410543479835,14.142499356493886,111.9927637621772,112522.649903665,2.0
160,465.90316220791857,465.71628970593855,14.113728486865288,111.90930261779333,112464.95414381936,2.0
159,466.1019010875719,465.9148689734397,14.084453734260588,111.8322734722961,112413.21869532188,2.0
158,466.2984797632366,466.11128965187737,14.056170422880967,111.7733200827065,112379.34274011574,2.0
157,466.49221423097197,466.30486816930863,14.025617083594756,111.71354586502703,112344.24747473153,2.0
156,466.68352347285287,466.4960232649106,13.994376348216043,111.65922840289193,112314.30139347035,2.0
155,466.87358136197196,466.6859278922926,13.962946935473699,111.61352118751341,112292.83261331062,2.0
154,467.0612791167385,466.87347409037915,13.930689993558211,111.57476586818046,112278.0352787201,2.0
153,467.24647867008093,467.05852388479684,13.897446682488072,111.54242953423497,112269.36005388071,2.0
152,467.4309792205609,467.24287517334426,13.864015545262564,111.51472999659549,112265.24894722547,2.0
151,467.16283235950414,466.9749328988697,13.810506957323195,111.54905460698915,112265.24894722547,2.0
150,466.9249114694177,466.73719335922266,13.760987146911457,111.57952778557308,112265.24894722547,2.0
149,466.7144674122836,466.526909471131,13.714807384167331,111.60649557972272,112265.24894722547,2.0
148,466.52645917547005,466.33904412878877,13.671618521908984,111.63059931629468,112265.24894722547,2.0
147,466.359274046994,466.171985822571,13.63100662905793,111.65204215793761,112265.24894722235,2.0
146,466.5376572391571,466.3502246655231,13.60247457028418,111.62916336857873,112265.24894722547,2.0
145,466.71657981463693,466.52900251757217,13.574043974667186,111.6062248167335,112265.24894722547,2.0
144,466.8960354002635,466.7083130110023,13.545713978296352,111.58322739841957,112265.24894722547,2.0
143,467.076017630359,466.88814978557696,13.517483715904723,111.56017200749852,112265.24894722547,2.0
142,467.2565201451994,467.06850648699987,13.489352320696558,111.53705953586959,112265.24894722547,2.0
141,467.43755280135434,467.2493929654479,13.461326308133044,111.51388879909953,112265.24894722547,2.0
140,467.619101346138,467.4307949779293,13.433389769792813,111.49066169886038,112265.24894722235,2.0
139,467.8011510529332,467.6126978108023,13.405549465936527,111.46738019453397,112265.24894722547,2.0
138,467.983695548267,467.7950950959964,13.377804522320687,111.44404517489122,112265.24894722547,2.0
137,468.16672845717744,467.9779804639448,13.350154062335134,111.42065752766327,112265.24894722547,2.0
136,468.350243401728,468.1613475420989,13.322597206830798,111.39721813970799,112265.24894722547,2.0
135,468.53423399953596,468.3451899534586,13.295133073951646,111.37372789719257,112265.24894722547,2.0
134,468.7186938623048,468.5295013151044,13.267760778966386,111.35018768577226,112265.24894722547,2.0
133,468.90361659435183,468.71427523672907,13.240479434098786,111.32659839076952,112265.24894722547,2.0
132,469.08899579116445,468.8995053191896,13.213288148361896,111.30296089734588,112265.24894722235,2.0
131,469.2748250379371,469.0851851530514,13.186186027390642,111.27927609069464,112265.24894722547,2.0
130,469.461097908135,469.2713083171479,13.159172173272973,111.25554485618335,112265.24894722547,2.0
129,469.647807962062,469.45786837715315,13.132245684388206,111.23176807955726,112265.24894722547,2.0
128,469.8349487454178,469.6448588841371,13.105405655237819,111.20794664709756,112265.24894722547,2.0
127,470.0225137878815,469.83227337315253,13.078651176281996,111.18408144579426,112265.24894722547,2.0
126,470.2104966016858,470.02010536180825,13.051981333773526,111.16017336351389,112265.24894722235,2.0
125,470.3988906802155,470.20834834887097,13.025395209596974,111.13622328918221,112265.24894722547,2.0
124,470.587689496589,470.3969958128448,12.998891881099409,111.11223211292258,112265.24894722547,2.0
123,470.7768865022701,470.58604121058715,12.97247042093245,111.08820072625167,112265.24894722547,2.0
122,470.9664751256529,470.7754779758914,12.946129896883795,111.06413002223215,112265.24894722547,2.0
121,471.15644877069934,470.96529951812823,12.919869371719267,111.04002089563669,112265.24894722547,2.0
120,471.3465488500158,471.15524745230766,12.89369020260381,111.01590619865493,112265.24894722547,2.0
119,471.5372752336461,471.34582125786073,12.867587073374605,110.9917225768793,112265.24894722547,2.0
118,471.7283669951224,471.53676021257587,12.841561092840417,110.96750319039387,112265.24894722547,2.0
117,471.91981742372127,471.72805761118207,12.81561130180702,110.94324894288884,112265.24894722547,2.0
116,472.1116197770883,471.91970671679263,12.78973673524853,110.91896074061293,112265.24894722547,2.0
115,472.30376727988863,472.11170075955175,12.763936422146314,110.8946394925275,112265.24894722235,2.0
114,472.49625312244154,472.30403293527496,12.738209385326503,110.87028611048099,112265.24894722547,2.0
113,472.6890704593783,472.496696404105,12.71255464129521,110.84590150933383,112265.24894722547,2.0
112,472.8822124082934,472.689684289164,12.68697120007858,110.82148660714226,112265.24894722235,2.0
111,473.07567204840376,472.88298967521433,12.661458065059998,110.79704232531337,112265.24894722547,2.0
110,473.2694424191985,473.0766056073099,12.636014232811487,110.77256958873299,112265.24894722547,2.0
109,473.4635165191121,473.2705250894683,12.610638692935098,110.74806932594903,112265.24894722547,2.0
108,473.65788730418376,473.464741083332,12.585330427895386,110.72354246930998,112265.24894722547,2.0
107,473.85254768672223,473.6592465068353,12.560088412854014,110.69898995512078,112265.24894722547,2.0
106,474.04749053397956,473.8540342328768,12.534911615504399,110.67441272379446,112265.24894722547,2.0
105,474.24270866680814,474.0490970879786,12.50979899590255,110.64981172000516,112265.24894722547,2.0
104,474.438194858346,474.2444278509719,12.484749506301393,110.62518789283766,112265.24894722547,2.0
103,474.63394183266706,474.44001925164827,12.459762090978074,110.60054219594076,112265.24894722547,2.0
102,474.8299422634653,474.6358639694458,12.434835686065805,110.57587558767628,112265.24894722547,2.0
101,475.0261887727036,474.8319546320959,12.409969219378384,110.5511890312719,112265.24894722547,2.0
100,475.22267392930104,475.02828381431465,12.385161610239702,110.52648349496623,112265.24894722235,2.0
99,475.4198474677392,475.2253008998048,12.36039310171202,110.50170250110773,112265.24894722547,2.0
98,475.61673925595045,475.4220365129291,12.335699952665939,110.47696800387178,112265.24894722547,2.0
97,475.81384660959174,475.61898758158156,12.311062418920107,110.45221751502068,112265.24894722547,2.0
96,476.01116191235525,475.81614649533685,12.286479383938259,110.42745201921126,112265.24894722235,2.0
95,476.20867748865516,476.0135055845209,12.261949721760502,110.40267250682967,112265.24894722547,2.0
94,476.4063856022491,476.21105711883604,12.237472296811642,110.37787997411523,112265.24894722547,2.0
93,476.6041173335842,476.4086323118699,12.21306357353212,110.35309561428909,112265.24894722547,2.0
92,476.80223734071717,476.60659553449693,12.188686842670965,110.32827374717365,112265.24894722547,2.0
91,477.00052650560457,476.8047278406118,12.164358831379996,110.30344186500488,112265.24894722547,2.0
90,477.19897679219224,477.003021200275,12.140078364005621,110.27860099452477,112265.24894722547,2.0
89,477.39758009632965,477.2014675154855,12.115844254327099,110.25375216917314,112265.24894722547,2.0
88,477.59430395048844,477.39803589838783,12.091746849965212,110.2291495339644,112265.24894722547,2.0
87,477.79520943275946,477.59878271564753,12.067510738798726,110.2040352668301,112265.24894722547,2.0
86,477.9942259917544,477.79764213380986,12.04340576552271,110.1791684057557,112265.24894722547,2.0
85,478.1933494184765,477.9966083931572,12.019345083898797,110.15429942030767,112265.24894722235,2.0
84,478.39258422909757,478.19568600575144,11.995324673244241,110.12942775731588,112265.24894722547,2.0
83,478.5919218923994,478.3948664467513,11.971343279325199,110.10455449228208,112265.24894722547,2.0
82,478.7913537989531,478.59414111314766,11.94739963576523,110.07968070854128,112265.24894722547,2.0
81,478.99087125957465,478.79350132221873,11.923492463798222,110.05480749741467,112265.24894722235,2.0
80,479.1904655037423,478.99293830994924,11.899620472015851,110.02993595840385,112265.24894722547,2.0
79,479.3901276779991,479.19244322943507,11.875782356104411,110.00506719933753,112265.24894722547,2.0
78,479.58984884432255,479.3920071492514,11.851976798579809,109.9802023365833,112265.24894722547,2.0
77,479.7896199784587,479.5916210517898,11.8282024685081,109.95534249521764,112265.24894722547,2.0
76,479.98943196824905,479.79127583158584,11.80445802122406,109.9304888092147,112265.24894722547,2.0
75,480.1892756118931,479.99096229358156,11.78074209803453,109.90564242164004,112265.24894722547,2.0
74,480.38914161620403,480.1906711513831,11.757053325917685,109.88080448484459,112265.24894722547,2.0
73,480.5890205948058,480.3903930254586,11.73339031720807,109.85597616066576,112265.24894722547,2.0
72,480.7889030663133,480.59011844132004,11.709751669275407,109.83115862063019,112265.24894722547,2.0
71,480.98877945244953,480.7898378276404,11.686135964188402,109.80635304616425,112265.24894722547,2.0
70,481.18864007613087,480.9895415143409,11.662541768368802,109.78156062880473,112265.24894722235,2.0
69,481.3884751595078,481.1892197306323,11.63896763223535,109.75678257043339,112265.24894722547,2.0
68,481.5882748219536,481.388862603006,11.615412089829572,109.7320200834717,112265.24894722547,2.0
67,481.7880290780012,481.5884601531707,11.59187365843454,109.70727439114258,112265.24894722547,2.0
66,481.9877278352284,481.78800229593827,11.56835083817453,109.68254672768958,112265.24894722235,2.0
65,482.1873608920864,481.9874788370566,11.544842111604018,109.65783833863912,112265.24894722547,2.0
64,482.3869179356696,482.18687947097783,11.521345943275826,109.63315048102098,112265.24894722547,2.0
63,482.5863885394183,482.3861937785631,11.497860779298891,109.60848442365759,112265.24894722547,2.0
62,482.7857621607658,482.58541122473184,11.474385046875833,109.58384144741413,112265.24894722547,2.0
61,482.98502813869914,482.78452115602335,11.450917153821221,109.55922284547728,112265.24894722547,2.0
60,483.18417569127814,482.98351279811766,11.427455488066766,109.53462992363536,112265.24894722547,2.0
59,483.3829954058253,483.1821768981888,11.404005170139074,109.51008849792946,112265.24894722547,2.0
58,483.5818937574429,483.3809196191579,11.380551106208317,109.48554836676982,112265.24894722547,2.0
57,483.78064095941806,483.5795113496479,11.357098281288115,109.46103786790255,112265.24894722547,2.0
56,483.97922569374276,483.777940779576,11.333644998104285,109.43655836376819,112265.24894722235,2.0
55,484.17763650679825,483.97619646332623,11.31018953671261,109.41211123109139,112265.24894722547,2.0
54,484.3758618063553,484.1742668167506,11.28673015386854,109.38769786119201,112265.24894722547,2.0
53,484.57388985844653,484.3721401140422,11.263265082371545,109.36331966037221,112265.24894722547,2.0
52,484.7717087841527,484.5698044845244,11.239792530381147,109.33897805026801,112265.24894722547,2.0
51,484.9693065562776,484.76724790932775,11.216310680705735,109.31467446823225,112265.24894722547,2.0
50,485.1666709959032,484.96445821794794,11.192817690059771,109.29041036772588,112265.24894722235,2.0
49,485.3637897688378,485.16142308469347,11.169311688294096,109.26618721873966,112265.24894722547,2.0
48,485.56060896731555,485.35808864048806,11.145784677313351,109.24201159408595,112265.24894722547,2.0
47,485.75717573680646,485.5545019967319,11.122247178858334,109.2178776506941,112265.24894722547,2.0
46,485.9534588302227,485.75063192779146,11.09869091848067,109.19378917430365,112265.24894722547,2.0
45,486.1494452903867,485.9464654853389,11.075113910138752,109.1697477009023,112265.24894722547,2.0
44,486.34512198602124,486.1419895470435,11.051514136507945,109.14575478516002,112265.24894722547,2.0
43,486.5404756073543,486.33719081218436,11.027889547987233,109.12181200093578,112265.24894722547,2.0
42,486.73549266156397,486.53205579709305,11.00423806166302,109.09792094180345,112265.24894722547,2.0
41,486.93015946805076,486.72657083043214,10.98055756022726,109.07408322159488,112265.24894722235,2.0
40,487.12516708703066,486.92142644354425,10.956813354090421,109.05021420964867,112265.24894722547,2.0
39,487.3189996332168,487.1151079065749,10.933068244771144,109.02649937725859,112265.24894722547,2.0
38,487.5119211008808,487.3078790131314,10.90931995534835,109.00290625216819,112265.24894722547,2.0
37,487.7050461741898,487.50085359277324,10.88550149145438,108.97929845231197,112265.24894722547,2.0
36,487.89774960163345,487.69340687072554,10.86164286867396,108.95575238512933,112265.24894722547,2.0
35,488.0900164662001,487.88552393994667,10.837741737810832,108.93226979872705,112265.24894722235,2.0
34,488.2820242950569,488.0773821924244,10.813793874750216,108.90882894925983,112265.24894722547,2.0
33,488.47336776237114,488.26857660658584,10.789800249284495,108.88547924079231,112265.24894722547,2.0
32,488.6642280316275,488.45928820791585,10.765756811078205,108.8621984693293,112265.24894722547,2.0
31,488.85458924358085,488.6495011476815,10.741661028482088,108.83898848610674,112265.24894722547,2.0
30,489.0444352868532,488.8391993251614,10.717510319886001,108.81585117008817,112265.24894722547,2.0
29,489.233749790556,489.0283663802737,10.693302051893301,108.79278842882465,112265.24894722547,2.0
28,489.42251611660663,489.21698568589613,10.669033537408989,108.76980219935086,112265.24894722547,2.0
27,489.6107173517296,489.4050403398724,10.64470203363857,108.74689444911856,112265.24894722547,2.0
26,489.7983362991534,489.5925131567128,10.620304739997886,108.72406717696305,112265.24894722235,2.0
25,489.9853554699434,489.77938665893447,10.595838795921939,108.70132241413384,112265.24894722861,2.0
24,490.1717570740018,489.9656430680639,10.571301278569528,108.67866222530135,112265.24894722547,2.0
23,490.3575230106854,490.1512642952638,10.546689200427002,108.65608870970857,112265.24894721921,2.0
22,490.54263485903215,490.3362319315597,10.521999506790856,108.63360400229946,112265.24894722547,2.0
21,490.7270738675948,490.5205272376855,10.497229073130509,108.61121027486685,112265.24894722547,2.0
20,490.9108209438325,490.7041311334779,10.472374702331036,108.58890973735228,112265.24894722547,2.0
19,491.09385664306785,490.8870241868403,10.447433121796676,108.56670463910983,112265.24894722547,2.0
18,491.2761611569648,491.069186602227,10.422400980414563,108.54459727026283,112265.24894722547,2.0
17,491.4577143015349,491.250598208658,10.397274845373675,108.52258996311053,112265.24894722547,2.0
16,491.6384955046082,491.43123844719486,10.37205119882252,108.5006850935983,112265.24894722547,2.0
15,491.818469932106,491.6110725081684,10.34672894811,108.47888676130412,112265.24894722547,2.0
14,491.9976561693837,491.79011895959485,10.321299313938606,108.45719259345783,112265.24894722547,2.0
13,492.1760064702619,491.96833008920873,10.295761046041218,108.43560824753494,112265.24894722547,2.0
12,492.3534985364858,492.1456836129891,10.270110249064887,108.41413629457048,112265.24894722547,2.0
11,492.5301096079073,492.32215678529036,10.24434292327993,108.39277935790653,112265.24894722547,2.0
10,492.7056040426278,492.497514139976,10.218466239115962,108.37156578518497,112265.24894722547,2.0
9,492.8804289993875,492.67220249453254,10.19245345427354,108.35044139257947,112265.24894722547,2.0
8,493.0543026916454,492.84594027240985,10.166311385170795,108.329440109545,112265.24894721921,2.0
7,493.2272718685284,493.0187741823904,10.140024393296985,108.30855615442009,112265.24894722547,2.0
6,493.3991192196551,493.1904870785453,10.113610447132464,108.28781561870876,112265.24894722547,2.0
5,493.56993835484735,493.3611724952452,10.08705351391526,108.26720705081294,112265.24894722547,2.0
4,493.7397027839066,493.5308039589421,10.060348723815572,108.24673349869775,112265.24894722547,2.0
3,493.9083854028387,493.6993543826425,10.033491059445494,108.22639808052564,112265.24894722547,2.0
2,494.0759584708113,493.8667960428813,10.006475349077999,108.20620398737469,112265.24894722547,2.0
1,494.24239358604217,494.03310055562014,9.97929625948969,108.18615448608425,112265.24894722547,2.0
0,494.4076616605841,494.19823885104813,9.951948288407666,108.16625292223188,112265.24894722547,2.0
